{
  "PPO_800k": {
    "mean": 5.69515,
    "median": 5.67,
    "std": 1.4472111793714482,
    "min": 1.6,
    "max": 10.06,
    "q25": 4.75,
    "q75": 6.67
  },
  "JamFirst": {
    "mean": 5.74231,
    "median": 5.67,
    "std": 1.4745867794301122,
    "min": 1.6,
    "max": 10.7,
    "q25": 4.75,
    "q75": 6.695
  },
  "UnjamFirst": {
    "mean": 5.747809999999999,
    "median": 5.67,
    "std": 1.4838940141887984,
    "min": 1.6,
    "max": 10.7,
    "q25": 4.75,
    "q75": 6.71
  },
  "Baseline": {
    "mean": 5.7432799999999995,
    "median": 5.67,
    "std": 1.3701512895137369,
    "min": 2.16,
    "max": 9.99,
    "q25": 4.75,
    "q75": 6.67
  }
}